seed,target,n,analyst_rmse,method_rmse,analyst_mae,method_mae,method_wins,win_rate_pct
2026,surprise_early,21,4.644338431374132,3.4730027125614473,3.059616204196894,2.437444277632088,11,52.38095238095239
2027,surprise_early,21,4.644338431374132,3.4381628850051142,3.059616204196894,2.32945873938671,12,57.14285714285714
2028,surprise_early,21,4.644338431374132,3.6393306307999884,3.059616204196894,2.4986020996388087,12,57.14285714285714
2026,surprise_print,21,3.9112376294357003,3.4050375973346667,2.6919540247972606,2.2782982372450147,12,57.14285714285714
2027,surprise_print,21,3.9112376294357003,3.591857797370305,2.6919540247972606,2.5162957665335206,10,47.61904761904761
2028,surprise_print,21,3.9112376294357003,3.7594560286271164,2.6919540247972606,2.5624430450129587,12,57.14285714285714
