target,n,analyst_rmse,method_rmse,analyst_mae,method_mae,win_rate_pct
surprise_early,21,4.644338431374132,3.516832076122183,3.059616204196894,2.421835038885869,55.55555555555555
surprise_print,21,3.9112376294357003,3.585450474444029,2.6919540247972606,2.4523456829304977,53.96825396825397
