target,n,analyst_rmse,method_rmse,win_rate_pct
surprise_early,21,4.644338431374132,3.516832076122183,55.55555555555555
surprise_print,21,3.9112376294357003,3.585450474444029,53.96825396825397
