{
  "config": "prediction/configs/kalshi_paper.yaml",
  "output_dir": "prediction/outputs/kalshi_paper",
  "seeds": [
    2026,
    2027,
    2028
  ],
  "prediction_call_count": 1512,
  "prediction_rationale_count": 1512,
  "screen_call_count": 14,
  "total_cost_usd": 141.262029,
  "synergy": {
    "surprise_early": {
      "BASE": {
        "r_fwt": {
          "mean": 0.6107111124422885,
          "ci_low": 0.07767855734029828,
          "ci_high": 0.9093703972737328,
          "p_le_zero": 0.015933333333333334
        },
        "syn_corr": {
          "mean": -0.07777906978761015,
          "ci_low": -0.570879166590949,
          "ci_high": 0.3325898231304423,
          "p_le_zero": 0.6011333333333333
        },
        "skill_fwt": {
          "mean": 0.31403301008324064,
          "ci_low": -0.25041512461756865,
          "ci_high": 0.7641962215814662,
          "p_le_zero": 0.14726666666666666
        },
        "syn_skill": {
          "mean": -0.05122593105352085,
          "ci_low": -0.4479356948801339,
          "ci_high": 0.22604501085048906,
          "p_le_zero": 0.5276
        }
      },
      "TOOL": {
        "r_fwt": {
          "mean": 0.602578086640227,
          "ci_low": 0.10190821257667301,
          "ci_high": 0.8851199610000748,
          "p_le_zero": 0.0138
        },
        "syn_corr": {
          "mean": -0.136898183931783,
          "ci_low": -0.7004820692662147,
          "ci_high": 0.2062113300315093,
          "p_le_zero": 0.6828666666666666
        },
        "skill_fwt": {
          "mean": 0.29804034078365854,
          "ci_low": -0.22758545690146847,
          "ci_high": 0.7113930537494229,
          "p_le_zero": 0.13693333333333332
        },
        "syn_skill": {
          "mean": -0.13322943602210147,
          "ci_low": -0.7738228079557716,
          "ci_high": 0.18129940349347218,
          "p_le_zero": 0.6383333333333333
        }
      }
    },
    "surprise_print": {
      "BASE": {
        "r_fwt": {
          "mean": 0.12408913873459314,
          "ci_low": -0.3597302371926591,
          "ci_high": 0.4783095788207507,
          "p_le_zero": 0.23693333333333333
        },
        "syn_corr": {
          "mean": 0.0269505696018061,
          "ci_low": -0.3265100432753685,
          "ci_high": 0.41357562406361087,
          "p_le_zero": 0.46013333333333334
        },
        "skill_fwt": {
          "mean": -0.1645522648742896,
          "ci_low": -0.7049573283079378,
          "ci_high": 0.14169053252041894,
          "p_le_zero": 0.8186
        },
        "syn_skill": {
          "mean": -0.10461485699928738,
          "ci_low": -0.595082516890173,
          "ci_high": 0.17547045049290794,
          "p_le_zero": 0.6784
        }
      },
      "TOOL": {
        "r_fwt": {
          "mean": 0.2055795302922245,
          "ci_low": -0.24407358883654598,
          "ci_high": 0.6156337601593914,
          "p_le_zero": 0.14173333333333332
        },
        "syn_corr": {
          "mean": 0.04628747715645545,
          "ci_low": -0.5195857293720033,
          "ci_high": 0.8272598135592362,
          "p_le_zero": 0.5003333333333333
        },
        "skill_fwt": {
          "mean": -0.11259109939461398,
          "ci_low": -0.6556991305789969,
          "ci_high": 0.30567533156750426,
          "p_le_zero": 0.7078666666666666
        },
        "syn_skill": {
          "mean": -0.08375066062261367,
          "ci_low": -1.0433171701406276,
          "ci_high": 0.9271304736034026,
          "p_le_zero": 0.5883333333333334
        }
      }
    },
    "rev_yoy": {
      "BASE": {
        "r_fwt": {
          "mean": 0.9622477729396908,
          "ci_low": 0.9071114985490276,
          "ci_high": 0.9913343198743426,
          "p_le_zero": 0.0
        },
        "syn_corr": {
          "mean": -0.06326792738287595,
          "ci_low": -0.2026545130283961,
          "ci_high": 0.004338473841826278,
          "p_le_zero": 0.9621333333333333
        },
        "skill_fwt": {
          "mean": 0.8932476402436667,
          "ci_low": 0.7165592789977016,
          "ci_high": 0.9805440385059468,
          "p_le_zero": 0.0
        },
        "syn_skill": {
          "mean": -0.10530263746645703,
          "ci_low": -0.35716884566294294,
          "ci_high": 0.04829364899615991,
          "p_le_zero": 0.8882666666666666
        }
      },
      "TOOL": {
        "r_fwt": {
          "mean": 0.9660040348836972,
          "ci_low": 0.9171354700169679,
          "ci_high": 0.9920917152709868,
          "p_le_zero": 0.0
        },
        "syn_corr": {
          "mean": -0.07813502469068707,
          "ci_low": -0.22568187936372028,
          "ci_high": -0.0005535860409501841,
          "p_le_zero": 0.9764
        },
        "skill_fwt": {
          "mean": 0.8962655843816154,
          "ci_low": 0.7222875215932464,
          "ci_high": 0.9798938266177095,
          "p_le_zero": 0.0
        },
        "syn_skill": {
          "mean": -0.1467851237205737,
          "ci_low": -0.3944318070540217,
          "ci_high": -0.0033616145455262216,
          "p_le_zero": 0.9792
        }
      }
    }
  }
}
